Time (ms),angleL,angleR,angDispL,angDispR,dThetaL,dThetaR
2,249.0,237.7,0.09999999999999432,0.09999999999999432,0.09999999999999432,0.09999999999999432
5,248.9,237.7,359.9,0.09999999999999432,359.9,0.09999999999999432
7,248.9,237.6,359.9,0.0,359.9,0.0
14,248.9,237.6,0.0,0.0,0.0,0.0
14,249.0,237.6,0.09999999999999432,0.0,0.09999999999999432,0.0
14,248.9,237.6,360.0,0.0,359.9,0.0
14,249.0,237.7,360.1,0.09999999999999432,0.09999999999999432,0.09999999999999432
14,249.0,237.6,360.1,360.0,0.0,359.9
17,248.9,237.7,0.0,0.09999999999999432,0.0,0.09999999999999432
43,249.0,238.0,0.0,0.09999999999999432,0.0,0.09999999999999432
43,248.9,238.2,359.9,0.29999999999998295,359.9,0.19999999999998863
43,248.9,238.4,359.9,0.5,0.0,0.20000000000001705
43,248.9,238.5,359.9,0.5999999999999943,0.0,0.09999999999999432
43,248.9,238.8,359.9,0.9000000000000057,0.0,0.30000000000001137
43,248.9,239.0,359.9,1.0999999999999943,0.0,0.19999999999998863
43,249.0,239.3,360.0,1.4000000000000057,0.09999999999999432,0.30000000000001137
43,249.0,239.6,360.0,1.6999999999999886,0.0,0.29999999999998295
43,249.1,239.9,360.1,2.0,0.09999999999999432,0.30000000000001137
43,249.1,240.3,360.1,2.4000000000000057,0.0,0.4000000000000057
44,249.1,240.7,360.1,2.799999999999983,0.0,0.39999999999997726
44,249.1,241.1,360.1,3.1999999999999886,0.0,0.4000000000000057
44,249.1,241.4,360.1,3.5,0.0,0.30000000000001137
44,249.0,241.8,720.0,3.9000000000000057,359.9,0.4000000000000057
44,249.1,242.2,720.1,4.299999999999983,0.09999999999999432,0.39999999999997726
44,249.1,242.6,720.1,4.699999999999989,0.0,0.4000000000000057
44,249.1,242.9,720.1,5.0,0.0,0.30000000000001137
44,249.1,243.4,720.1,5.5,0.0,0.5
44,249.1,243.9,720.1,6.0,0.0,0.5
44,249.2,244.3,720.2,6.400000000000006,0.09999999999999432,0.4000000000000057
44,249.1,244.7,1080.1,6.799999999999983,359.9,0.39999999999997726
44,249.2,245.2,1080.1999999999998,7.299999999999983,0.09999999999999432,0.5
44,249.2,245.8,1080.1999999999998,7.900000000000006,0.0,0.6000000000000227
46,249.3,246.9,0.10000000000002274,0.5999999999999943,0.10000000000002274,0.5999999999999943
72,249.2,247.9,0.09999999999999432,0.4000000000000057,0.09999999999999432,0.4000000000000057
73,249.2,248.3,0.09999999999999432,0.8000000000000114,0.0,0.4000000000000057
73,249.2,248.6,0.09999999999999432,1.0999999999999943,0.0,0.29999999999998295
73,249.2,249.1,0.09999999999999432,1.5999999999999943,0.0,0.5
73,249.3,249.3,0.20000000000001705,1.8000000000000114,0.10000000000002274,0.20000000000001705
73,249.3,249.6,0.20000000000001705,2.0999999999999943,0.0,0.29999999999998295
73,249.2,249.9,360.1,2.4000000000000057,359.9,0.30000000000001137
73,249.2,250.1,360.1,2.5999999999999943,0.0,0.19999999999998863
73,249.2,250.4,360.1,2.9000000000000057,0.0,0.30000000000001137
73,249.3,250.7,360.20000000000005,3.1999999999999886,0.10000000000002274,0.29999999999998295
73,249.4,251.1,360.30000000000007,3.5999999999999943,0.09999999999999432,0.4000000000000057
73,249.5,251.4,360.4000000000001,3.9000000000000057,0.09999999999999432,0.30000000000001137
73,249.5,251.8,360.4000000000001,4.300000000000011,0.0,0.4000000000000057
73,249.5,252.2,360.4000000000001,4.699999999999989,0.0,0.39999999999997726
73,249.7,252.5,360.6000000000001,5.0,0.19999999999998863,0.30000000000001137
73,249.7,252.9,360.6000000000001,5.400000000000006,0.0,0.4000000000000057
73,249.7,253.3,360.6000000000001,5.800000000000011,0.0,0.4000000000000057
73,249.9,253.7,360.80000000000007,6.199999999999989,0.20000000000001705,0.39999999999997726
73,249.9,254.1,360.80000000000007,6.599999999999994,0.0,0.4000000000000057
73,250.1,254.4,361.00000000000006,6.900000000000006,0.19999999999998863,0.30000000000001137
73,250.0,254.9,720.9000000000001,7.400000000000006,359.9,0.5
73,250.1,255.3,721.0000000000001,7.800000000000011,0.09999999999999432,0.4000000000000057
73,250.2,255.8,721.1000000000001,8.300000000000011,0.09999999999999432,0.5
75,250.3,256.8,0.10000000000002274,0.4000000000000341,0.10000000000002274,0.4000000000000341
118,250.4,257.7,0.09999999999999432,0.5,0.09999999999999432,0.5
118,250.4,258.1,0.09999999999999432,0.9000000000000341,0.0,0.4000000000000341
118,250.5,258.5,0.19999999999998863,1.3000000000000114,0.09999999999999432,0.39999999999997726
118,250.6,258.9,0.29999999999998295,1.6999999999999886,0.09999999999999432,0.39999999999997726
118,250.6,259.3,0.29999999999998295,2.1000000000000227,0.0,0.4000000000000341
118,250.7,259.7,0.39999999999997726,2.5,0.09999999999999432,0.39999999999997726
118,250.7,260.1,0.39999999999997726,2.900000000000034,0.0,0.4000000000000341
118,250.8,260.5,0.5,3.3000000000000114,0.10000000000002274,0.39999999999997726
118,251.0,260.8,0.6999999999999886,3.6000000000000227,0.19999999999998863,0.30000000000001137
118,251.2,261.3,0.8999999999999773,4.100000000000023,0.19999999999998863,0.5
118,251.3,261.7,1.0,4.5,0.10000000000002274,0.39999999999997726
118,251.4,262.1,1.0999999999999943,4.900000000000034,0.09999999999999432,0.4000000000000341
118,251.5,262.5,1.1999999999999886,5.300000000000011,0.09999999999999432,0.39999999999997726
118,251.7,263.0,1.3999999999999773,5.800000000000011,0.19999999999998863,0.5
118,251.8,263.4,1.5,6.199999999999989,0.10000000000002274,0.39999999999997726
118,252.0,263.9,1.6999999999999886,6.699999999999989,0.19999999999998863,0.5
118,252.1,264.3,1.799999999999983,7.100000000000023,0.09999999999999432,0.4000000000000341
118,252.3,264.8,2.0,7.600000000000023,0.20000000000001705,0.5
118,252.4,265.3,2.0999999999999943,8.100000000000023,0.09999999999999432,0.5
118,252.7,265.8,2.3999999999999773,8.600000000000023,0.29999999999998295,0.5
118,252.9,266.3,2.5999999999999943,9.100000000000023,0.20000000000001705,0.5
118,253.2,266.7,2.8999999999999773,9.5,0.29999999999998295,0.39999999999997726
118,253.5,267.3,3.1999999999999886,10.100000000000023,0.30000000000001137,0.6000000000000227
118,253.7,267.7,3.3999999999999773,10.5,0.19999999999998863,0.39999999999997726
118,254.0,268.1,3.6999999999999886,10.900000000000034,0.30000000000001137,0.4000000000000341
118,254.3,268.5,4.0,11.300000000000011,0.30000000000001137,0.39999999999997726
118,254.6,268.8,4.299999999999983,11.600000000000023,0.29999999999998295,0.30000000000001137
118,255.0,269.1,4.699999999999989,11.900000000000034,0.4000000000000057,0.30000000000001137
118,255.3,269.4,5.0,12.199999999999989,0.30000000000001137,0.2999999999999545
118,255.6,269.7,5.299999999999983,12.5,0.29999999999998295,0.30000000000001137
118,255.9,269.9,5.599999999999994,12.699999999999989,0.30000000000001137,0.19999999999998863
118,256.3,270.1,6.0,12.900000000000034,0.4000000000000057,0.20000000000004547
118,256.6,270.2,6.300000000000011,13.0,0.30000000000001137,0.0999999999999659
118,257.0,270.4,6.699999999999989,13.199999999999989,0.39999999999997726,0.19999999999998863
118,257.3,270.5,7.0,13.300000000000011,0.30000000000001137,0.10000000000002274
118,257.7,270.7,7.399999999999977,13.5,0.39999999999997726,0.19999999999998863
118,258.1,270.9,7.800000000000011,13.699999999999989,0.4000000000000341,0.19999999999998863
118,258.4,271.0,8.099999999999966,13.800000000000011,0.2999999999999545,0.10000000000002274
121,259.6,271.3,0.5,0.19999999999998863,0.5,0.19999999999998863
151,260.4,271.4,0.5,0.0,0.5,0.0
151,260.8,271.5,0.9000000000000341,0.10000000000002274,0.4000000000000341,0.10000000000002274
151,261.1,271.6,1.2000000000000455,0.20000000000004547,0.30000000000001137,0.10000000000002274
151,261.5,271.8,1.6000000000000227,0.4000000000000341,0.39999999999997726,0.19999999999998863
151,261.8,271.9,1.900000000000034,0.5,0.30000000000001137,0.0999999999999659
151,262.0,272.0,2.1000000000000227,0.6000000000000227,0.19999999999998863,0.10000000000002274
151,262.3,272.2,2.400000000000034,0.8000000000000114,0.30000000000001137,0.19999999999998863
151,262.6,272.3,2.7000000000000455,0.9000000000000341,0.30000000000001137,0.10000000000002274
151,263.0,272.5,3.1000000000000227,1.1000000000000227,0.39999999999997726,0.19999999999998863
151,263.4,272.7,3.5,1.3000000000000114,0.39999999999997726,0.19999999999998863
151,263.7,272.8,3.8000000000000114,1.400000000000034,0.30000000000001137,0.10000000000002274
151,264.2,273.1,4.300000000000011,1.7000000000000455,0.5,0.30000000000001137
151,264.5,273.3,4.600000000000023,1.900000000000034,0.30000000000001137,0.19999999999998863
151,265.0,273.7,5.100000000000023,2.3000000000000114,0.5,0.39999999999997726
151,265.3,274.0,5.400000000000034,2.6000000000000227,0.30000000000001137,0.30000000000001137
151,265.8,274.5,5.900000000000034,3.1000000000000227,0.5,0.5
151,266.2,274.8,6.300000000000011,3.400000000000034,0.39999999999997726,0.30000000000001137
151,266.7,275.2,6.800000000000011,3.8000000000000114,0.5,0.39999999999997726
151,267.1,275.7,7.2000000000000455,4.300000000000011,0.4000000000000341,0.5
151,267.6,276.0,7.7000000000000455,4.600000000000023,0.5,0.30000000000001137
151,268.3,276.4,8.400000000000034,5.0,0.6999999999999886,0.39999999999997726
151,268.7,276.9,8.800000000000011,5.5,0.39999999999997726,0.5
151,269.2,277.4,9.300000000000011,6.0,0.5,0.5
151,269.9,277.8,10.0,6.400000000000034,0.6999999999999886,0.4000000000000341
151,270.2,278.2,10.300000000000011,6.800000000000011,0.30000000000001137,0.39999999999997726
151,270.6,278.7,10.700000000000045,7.300000000000011,0.4000000000000341,0.5
151,271.2,279.3,11.300000000000011,7.900000000000034,0.5999999999999659,0.6000000000000227
154,272.3,280.6,0.6000000000000227,0.6000000000000227,0.6000000000000227,0.6000000000000227
177,273.2,281.6,0.5,0.5,0.5,0.5
177,273.7,282.0,1.0,0.8999999999999773,0.5,0.39999999999997726
177,274.0,282.4,1.3000000000000114,1.2999999999999545,0.30000000000001137,0.39999999999997726
177,274.5,282.7,1.8000000000000114,1.599999999999966,0.5,0.30000000000001137
177,274.7,283.0,2.0,1.8999999999999773,0.19999999999998863,0.30000000000001137
177,275.2,283.3,2.5,2.1999999999999886,0.5,0.30000000000001137
177,275.6,283.6,2.900000000000034,2.5,0.4000000000000341,0.30000000000001137
177,275.9,284.0,3.1999999999999886,2.8999999999999773,0.2999999999999545,0.39999999999997726
177,276.4,284.4,3.6999999999999886,3.2999999999999545,0.5,0.39999999999997726
177,276.7,284.8,4.0,3.6999999999999886,0.30000000000001137,0.4000000000000341
177,277.2,285.2,4.5,4.099999999999966,0.5,0.39999999999997726
177,277.6,285.6,4.900000000000034,4.5,0.4000000000000341,0.4000000000000341
177,277.8,286.0,5.100000000000023,4.899999999999977,0.19999999999998863,0.39999999999997726
177,278.3,286.3,5.600000000000023,5.199999999999989,0.5,0.30000000000001137
177,278.7,286.8,6.0,5.699999999999989,0.39999999999997726,0.5
177,279.1,287.2,6.400000000000034,6.099999999999966,0.4000000000000341,0.39999999999997726
177,279.5,287.7,6.800000000000011,6.599999999999966,0.39999999999997726,0.5
177,280.0,288.2,7.300000000000011,7.099999999999966,0.5,0.5
177,280.5,288.6,7.800000000000011,7.5,0.5,0.4000000000000341
177,281.0,289.0,8.300000000000011,7.899999999999977,0.5,0.39999999999997726
179,282.2,290.3,0.5999999999999659,0.5,0.5999999999999659,0.5
201,283.4,291.4,0.5999999999999659,0.5,0.5999999999999659,0.5
201,283.9,291.9,1.099999999999966,1.0,0.5,0.5
201,284.3,292.2,1.5,1.3000000000000114,0.4000000000000341,0.30000000000001137
201,284.7,292.7,1.8999999999999773,1.8000000000000114,0.39999999999997726,0.5
201,285.1,293.0,2.3000000000000114,2.1000000000000227,0.4000000000000341,0.30000000000001137
201,285.6,293.3,2.8000000000000114,2.400000000000034,0.5,0.30000000000001137
201,285.7,293.6,2.8999999999999773,2.7000000000000455,0.0999999999999659,0.30000000000001137
201,286.0,293.9,3.1999999999999886,3.0,0.30000000000001137,0.2999999999999545
201,286.5,294.3,3.6999999999999886,3.400000000000034,0.5,0.4000000000000341
201,286.9,294.6,4.099999999999966,3.7000000000000455,0.39999999999997726,0.30000000000001137
201,287.3,295.1,4.5,4.2000000000000455,0.4000000000000341,0.5
201,287.8,295.5,5.0,4.600000000000023,0.5,0.39999999999997726
201,288.3,295.9,5.5,5.0,0.5,0.39999999999997726
201,288.6,296.3,5.800000000000011,5.400000000000034,0.30000000000001137,0.4000000000000341
201,289.1,296.8,6.300000000000011,5.900000000000034,0.5,0.5
201,289.6,297.3,6.800000000000011,6.400000000000034,0.5,0.5
201,290.2,297.8,7.399999999999977,6.900000000000034,0.5999999999999659,0.5
201,290.6,298.3,7.800000000000011,7.400000000000034,0.4000000000000341,0.5
201,291.1,298.8,8.300000000000011,7.900000000000034,0.5,0.5
204,292.3,300.0,0.5,0.5,0.5,0.5
223,293.5,301.2,0.6999999999999886,0.5999999999999659,0.6999999999999886,0.5999999999999659
223,294.0,301.7,1.1999999999999886,1.099999999999966,0.5,0.5
223,294.4,302.1,1.599999999999966,1.5,0.39999999999997726,0.4000000000000341
223,295.0,302.7,2.1999999999999886,2.099999999999966,0.6000000000000227,0.5999999999999659
223,295.4,303.1,2.599999999999966,2.5,0.39999999999997726,0.4000000000000341
223,295.9,303.7,3.099999999999966,3.099999999999966,0.5,0.5999999999999659
223,296.5,304.2,3.6999999999999886,3.599999999999966,0.6000000000000227,0.5
223,297.1,304.6,4.300000000000011,4.0,0.6000000000000227,0.4000000000000341
223,297.7,305.1,4.899999999999977,4.5,0.5999999999999659,0.5
223,298.1,305.7,5.300000000000011,5.099999999999966,0.4000000000000341,0.5999999999999659
223,298.5,306.0,5.699999999999989,5.399999999999977,0.39999999999997726,0.30000000000001137
223,299.2,306.5,6.399999999999977,5.899999999999977,0.6999999999999886,0.5
223,299.8,307.0,7.0,6.399999999999977,0.6000000000000227,0.5
223,300.3,307.5,7.5,6.899999999999977,0.5,0.5
223,300.9,308.0,8.099999999999966,7.399999999999977,0.5999999999999659,0.5
223,301.5,308.5,8.699999999999989,7.899999999999977,0.6000000000000227,0.5
225,302.8,309.8,0.6000000000000227,0.6000000000000227,0.6000000000000227,0.6000000000000227
248,304.2,310.9,0.6999999999999886,0.5999999999999659,0.6999999999999886,0.5999999999999659
248,304.9,311.4,1.3999999999999773,1.099999999999966,0.6999999999999886,0.5
248,305.3,311.8,1.8000000000000114,1.5,0.4000000000000341,0.4000000000000341
248,305.8,312.3,2.3000000000000114,2.0,0.5,0.5
248,306.2,312.6,2.6999999999999886,2.3000000000000114,0.39999999999997726,0.30000000000001137
248,306.6,313.0,3.1000000000000227,2.6999999999999886,0.4000000000000341,0.39999999999997726
248,307.0,313.2,3.5,2.8999999999999773,0.39999999999997726,0.19999999999998863
248,307.3,313.5,3.8000000000000114,3.1999999999999886,0.30000000000001137,0.30000000000001137
248,307.8,313.9,4.300000000000011,3.599999999999966,0.5,0.39999999999997726
248,308.2,314.2,4.699999999999989,3.8999999999999773,0.39999999999997726,0.30000000000001137
248,308.5,314.6,5.0,4.300000000000011,0.30000000000001137,0.4000000000000341
248,308.9,315.0,5.399999999999977,4.699999999999989,0.39999999999997726,0.39999999999997726
248,309.4,315.4,5.899999999999977,5.099999999999966,0.5,0.39999999999997726
248,309.8,315.8,6.300000000000011,5.5,0.4000000000000341,0.4000000000000341
248,310.3,316.2,6.800000000000011,5.899999999999977,0.5,0.39999999999997726
248,310.7,316.7,7.199999999999989,6.399999999999977,0.39999999999997726,0.5
248,311.2,317.2,7.699999999999989,6.899999999999977,0.5,0.5
248,311.7,317.6,8.199999999999989,7.300000000000011,0.5,0.4000000000000341
248,312.2,318.1,8.699999999999989,7.800000000000011,0.5,0.5
248,312.6,318.6,9.100000000000023,8.300000000000011,0.4000000000000341,0.5
251,314.0,319.8,0.6000000000000227,0.5,0.6000000000000227,0.5
268,315.3,321.0,0.6999999999999886,0.6999999999999886,0.6999999999999886,0.6999999999999886
268,315.8,321.5,1.1999999999999886,1.1999999999999886,0.5,0.5
268,316.4,322.0,1.7999999999999545,1.6999999999999886,0.5999999999999659,0.5
268,317.0,322.6,2.3999999999999773,2.3000000000000114,0.6000000000000227,0.6000000000000227
268,317.5,323.1,2.8999999999999773,2.8000000000000114,0.5,0.5
268,318.0,323.6,3.3999999999999773,3.3000000000000114,0.5,0.5
268,318.6,324.2,4.0,3.8999999999999773,0.6000000000000227,0.5999999999999659
268,319.1,324.6,4.5,4.300000000000011,0.5,0.4000000000000341
268,319.8,325.3,5.199999999999989,5.0,0.6999999999999886,0.6999999999999886
268,320.3,325.8,5.699999999999989,5.5,0.5,0.5
268,320.8,326.3,6.199999999999989,6.0,0.5,0.5
268,321.4,326.9,6.7999999999999545,6.599999999999966,0.5999999999999659,0.5999999999999659
268,322.1,327.5,7.5,7.199999999999989,0.7000000000000455,0.6000000000000227
268,322.6,327.9,8.0,7.599999999999966,0.5,0.39999999999997726
268,323.3,328.5,8.699999999999989,8.199999999999989,0.6999999999999886,0.6000000000000227
271,324.7,329.9,0.6999999999999886,0.5999999999999659,0.6999999999999886,0.5999999999999659
287,326.1,331.3,0.8000000000000114,0.6999999999999886,0.8000000000000114,0.6999999999999886
287,326.7,331.8,1.3999999999999773,1.1999999999999886,0.5999999999999659,0.5
287,327.3,332.4,2.0,1.7999999999999545,0.6000000000000227,0.5999999999999659
287,327.8,333.0,2.5,2.3999999999999773,0.5,0.6000000000000227
287,328.5,333.6,3.1999999999999886,3.0,0.6999999999999886,0.6000000000000227
287,329.1,334.1,3.8000000000000114,3.5,0.6000000000000227,0.5
287,329.8,334.7,4.5,4.099999999999966,0.6999999999999886,0.5999999999999659
287,330.4,335.3,5.099999999999966,4.699999999999989,0.5999999999999659,0.6000000000000227
287,331.0,335.9,5.699999999999989,5.2999999999999545,0.6000000000000227,0.5999999999999659
287,331.6,336.5,6.300000000000011,5.899999999999977,0.6000000000000227,0.6000000000000227
287,332.1,337.0,6.800000000000011,6.399999999999977,0.5,0.5
287,332.8,337.6,7.5,7.0,0.6999999999999886,0.6000000000000227
287,333.3,338.2,8.0,7.599999999999966,0.5,0.5999999999999659
287,334.0,338.7,8.699999999999989,8.099999999999966,0.6999999999999886,0.5
290,335.6,340.1,0.7000000000000455,0.6000000000000227,0.7000000000000455,0.6000000000000227
306,336.9,341.5,0.7999999999999545,0.6999999999999886,0.7999999999999545,0.6999999999999886
306,337.4,342.1,1.2999999999999545,1.3000000000000114,0.5,0.6000000000000227
306,338.1,342.6,2.0,1.8000000000000114,0.7000000000000455,0.5
306,338.7,343.2,2.599999999999966,2.3999999999999773,0.5999999999999659,0.5999999999999659
306,339.3,343.7,3.1999999999999886,2.8999999999999773,0.6000000000000227,0.5
306,340.0,344.3,3.8999999999999773,3.5,0.6999999999999886,0.6000000000000227
306,340.5,344.8,4.399999999999977,4.0,0.5,0.5
306,341.2,345.4,5.099999999999966,4.599999999999966,0.6999999999999886,0.5999999999999659
306,341.7,345.9,5.599999999999966,5.099999999999966,0.5,0.5
306,342.3,346.4,6.199999999999989,5.599999999999966,0.6000000000000227,0.5
306,342.9,347.0,6.7999999999999545,6.199999999999989,0.5999999999999659,0.6000000000000227
306,343.5,347.5,7.399999999999977,6.699999999999989,0.6000000000000227,0.5
306,344.0,348.1,7.899999999999977,7.300000000000011,0.5,0.6000000000000227
306,344.6,348.7,8.5,7.899999999999977,0.6000000000000227,0.5999999999999659
309,346.0,350.1,0.6999999999999886,0.6000000000000227,0.6999999999999886,0.6000000000000227
330,347.1,351.5,0.6000000000000227,0.8000000000000114,0.6000000000000227,0.8000000000000114
330,347.5,352.0,1.0,1.3000000000000114,0.39999999999997726,0.5
330,348.0,352.6,1.5,1.900000000000034,0.5,0.6000000000000227
330,348.3,353.1,1.8000000000000114,2.400000000000034,0.30000000000001137,0.5
330,348.6,353.8,2.1000000000000227,3.1000000000000227,0.30000000000001137,0.6999999999999886
330,348.9,354.4,2.3999999999999773,3.6999999999999886,0.2999999999999545,0.5999999999999659
330,349.4,355.0,2.8999999999999773,4.300000000000011,0.5,0.6000000000000227
330,349.8,355.5,3.3000000000000114,4.800000000000011,0.4000000000000341,0.5
330,350.3,356.1,3.8000000000000114,5.400000000000034,0.5,0.6000000000000227
330,350.9,356.7,4.399999999999977,6.0,0.5999999999999659,0.5999999999999659
330,351.3,357.2,4.800000000000011,6.5,0.4000000000000341,0.5
330,351.7,357.8,5.199999999999989,7.100000000000023,0.39999999999997726,0.6000000000000227
330,352.2,358.4,5.699999999999989,7.699999999999989,0.5,0.5999999999999659
330,352.7,359.0,6.199999999999989,8.300000000000011,0.5,0.6000000000000227
330,353.2,359.5,6.699999999999989,8.800000000000011,0.5,0.5
330,353.6,0.2,7.100000000000023,9.50000000000001,0.4000000000000341,0.7
330,354.1,0.7,7.600000000000023,10.00000000000001,0.5,0.49999999999999994
330,354.7,1.1,8.199999999999989,10.400000000000011,0.5999999999999659,0.40000000000000013
332,356.1,2.2,0.7000000000000455,0.40000000000000013,0.7000000000000455,0.40000000000000013
356,357.2,2.9,0.5999999999999659,0.2999999999999998,0.5999999999999659,0.2999999999999998
356,357.8,3.4,1.1999999999999886,0.7999999999999998,0.6000000000000227,0.5
356,358.2,3.6,1.599999999999966,1.0,0.39999999999997726,0.20000000000000018
356,358.7,4.0,2.099999999999966,1.4,0.5,0.3999999999999999
356,359.0,4.3,2.3999999999999773,1.6999999999999997,0.30000000000001137,0.2999999999999998
356,359.4,4.5,2.7999999999999545,1.9,0.39999999999997726,0.20000000000000018
356,359.9,4.8,3.2999999999999545,2.1999999999999997,0.5,0.2999999999999998
356,0.3,5.0,3.699999999999977,2.4,0.4000000000000227,0.20000000000000018
356,0.9,5.4,4.299999999999978,2.8000000000000003,0.6000000000000001,0.40000000000000036
356,1.2,5.6,4.599999999999977,2.9999999999999996,0.29999999999999993,0.1999999999999993
356,1.8,6.0,5.199999999999978,3.4,0.6000000000000001,0.40000000000000036
356,2.3,6.3,5.699999999999978,3.6999999999999997,0.4999999999999998,0.2999999999999998
356,2.7,6.7,6.099999999999978,4.1,0.40000000000000036,0.40000000000000036
356,3.3,7.1,6.699999999999978,4.499999999999999,0.5999999999999996,0.39999999999999947
356,3.7,7.5,7.099999999999978,4.8999999999999995,0.40000000000000036,0.40000000000000036
356,4.2,8.0,7.599999999999978,5.3999999999999995,0.5,0.5
356,4.7,8.6,8.099999999999978,5.999999999999999,0.5,0.5999999999999996
356,5.2,9.0,8.599999999999978,6.3999999999999995,0.5,0.40000000000000036
356,5.8,9.5,9.199999999999978,6.8999999999999995,0.5999999999999996,0.5
356,6.2,10.0,9.599999999999978,7.3999999999999995,0.40000000000000036,0.5
356,6.7,10.6,10.099999999999978,7.999999999999999,0.5,0.5999999999999996
359,7.8,11.9,0.39999999999999947,0.5,0.39999999999999947,0.5
382,8.8,13.1,0.5,0.5999999999999996,0.5,0.5999999999999996
382,9.2,13.6,0.8999999999999986,1.0999999999999996,0.3999999999999986,0.5
382,9.5,14.2,1.1999999999999993,1.6999999999999993,0.3000000000000007,0.5999999999999996
382,9.9,14.6,1.5999999999999996,2.0999999999999996,0.40000000000000036,0.40000000000000036
382,10.4,15.0,2.0999999999999996,2.5,0.5,0.40000000000000036
382,10.8,15.4,2.5,2.9000000000000004,0.40000000000000036,0.40000000000000036
382,11.2,15.7,2.8999999999999986,3.1999999999999993,0.3999999999999986,0.29999999999999893
382,11.6,16.1,3.299999999999999,3.6000000000000014,0.40000000000000036,0.40000000000000213
382,12.0,16.5,3.6999999999999993,4.0,0.40000000000000036,0.3999999999999986
382,12.3,16.9,4.0,4.399999999999999,0.3000000000000007,0.3999999999999986
382,12.7,17.4,4.399999999999999,4.899999999999999,0.3999999999999986,0.5
382,13.2,17.8,4.899999999999999,5.300000000000001,0.5,0.40000000000000213
382,13.5,18.2,5.199999999999999,5.699999999999999,0.3000000000000007,0.3999999999999986
382,13.9,18.7,5.6,6.199999999999999,0.40000000000000036,0.5
382,14.3,19.2,6.0,6.699999999999999,0.40000000000000036,0.5
382,14.7,19.6,6.399999999999999,7.100000000000001,0.3999999999999986,0.40000000000000213
382,15.1,20.1,6.799999999999999,7.600000000000001,0.40000000000000036,0.5
382,15.5,20.6,7.199999999999999,8.100000000000001,0.40000000000000036,0.5
382,15.9,21.2,7.6,8.7,0.40000000000000036,0.5999999999999979
382,16.2,21.6,7.899999999999999,9.100000000000001,0.29999999999999893,0.40000000000000213
384,17.2,23.0,0.3999999999999986,0.5,0.3999999999999986,0.5
409,18.1,24.3,0.40000000000000213,0.6999999999999993,0.40000000000000213,0.6999999999999993
409,18.6,24.8,0.9000000000000021,1.1999999999999993,0.5,0.5
409,18.9,25.4,1.1999999999999993,1.7999999999999972,0.29999999999999716,0.5999999999999979
409,19.2,25.8,1.5,2.1999999999999993,0.3000000000000007,0.40000000000000213
409,19.6,26.3,1.9000000000000021,2.6999999999999993,0.40000000000000213,0.5
409,20.0,26.7,2.3000000000000007,3.099999999999998,0.3999999999999986,0.3999999999999986
409,20.4,27.0,2.6999999999999993,3.3999999999999986,0.3999999999999986,0.3000000000000007
409,20.7,27.4,3.0,3.799999999999997,0.3000000000000007,0.3999999999999986
409,21.0,27.8,3.3000000000000007,4.199999999999999,0.3000000000000007,0.40000000000000213
409,21.4,28.1,3.6999999999999993,4.5,0.3999999999999986,0.3000000000000007
409,21.7,28.5,4.0,4.899999999999999,0.3000000000000007,0.3999999999999986
409,22.1,29.0,4.400000000000002,5.399999999999999,0.40000000000000213,0.5
409,22.5,29.4,4.800000000000001,5.799999999999997,0.3999999999999986,0.3999999999999986
410,22.8,29.9,5.100000000000001,6.299999999999997,0.3000000000000007,0.5
410,23.2,30.3,5.5,6.699999999999999,0.3999999999999986,0.40000000000000213
410,23.5,30.7,5.800000000000001,7.099999999999998,0.3000000000000007,0.3999999999999986
410,24.0,31.2,6.300000000000001,7.599999999999998,0.5,0.5
410,24.3,31.6,6.600000000000001,8.0,0.3000000000000007,0.40000000000000213
410,24.7,32.1,7.0,8.5,0.3999999999999986,0.5
410,25.0,32.6,7.300000000000001,9.0,0.3000000000000007,0.5
410,25.4,33.0,7.699999999999999,9.399999999999999,0.3999999999999986,0.3999999999999986
410,25.8,33.6,8.100000000000001,10.0,0.40000000000000213,0.6000000000000014
412,26.8,34.5,0.40000000000000213,0.3999999999999986,0.40000000000000213,0.3999999999999986
439,27.8,35.2,0.40000000000000213,0.30000000000000426,0.40000000000000213,0.30000000000000426
439,28.1,35.5,0.7000000000000028,0.6000000000000014,0.3000000000000007,0.29999999999999716
439,28.5,35.7,1.1000000000000014,0.8000000000000043,0.3999999999999986,0.20000000000000284
439,28.9,36.0,1.5,1.1000000000000014,0.3999999999999986,0.29999999999999716
439,29.2,36.1,1.8000000000000007,1.2000000000000028,0.3000000000000007,0.10000000000000142
439,29.6,36.4,2.200000000000003,1.5,0.40000000000000213,0.29999999999999716
439,29.8,36.6,2.400000000000002,1.7000000000000028,0.1999999999999993,0.20000000000000284
439,30.1,36.8,2.700000000000003,1.8999999999999986,0.3000000000000007,0.19999999999999574
439,30.4,37.1,3.0,2.200000000000003,0.29999999999999716,0.30000000000000426
439,30.7,37.4,3.3000000000000007,2.5,0.3000000000000007,0.29999999999999716
439,31.0,37.6,3.6000000000000014,2.700000000000003,0.3000000000000007,0.20000000000000284
439,31.5,38.0,4.100000000000001,3.1000000000000014,0.5,0.3999999999999986
439,31.8,38.4,4.400000000000002,3.5,0.3000000000000007,0.3999999999999986
439,32.1,38.7,4.700000000000003,3.8000000000000043,0.3000000000000007,0.30000000000000426
439,32.5,39.0,5.100000000000001,4.100000000000001,0.3999999999999986,0.29999999999999716
439,32.9,39.5,5.5,4.600000000000001,0.3999999999999986,0.5
439,33.4,39.9,6.0,5.0,0.5,0.3999999999999986
439,33.7,40.3,6.300000000000004,5.399999999999999,0.30000000000000426,0.3999999999999986
439,34.1,40.7,6.700000000000003,5.800000000000004,0.3999999999999986,0.4000000000000057
439,34.5,41.2,7.100000000000001,6.300000000000004,0.3999999999999986,0.5
439,34.9,41.7,7.5,6.800000000000004,0.3999999999999986,0.5
439,35.3,42.1,7.899999999999999,7.200000000000003,0.3999999999999986,0.3999999999999986
439,35.7,42.6,8.300000000000004,7.700000000000003,0.4000000000000057,0.5
439,36.2,43.0,8.800000000000004,8.100000000000001,0.5,0.3999999999999986
442,37.3,44.3,0.5,0.5999999999999943,0.5,0.5999999999999943
468,38.0,45.4,0.29999999999999716,0.6000000000000014,0.29999999999999716,0.6000000000000014
468,38.4,45.9,0.6999999999999957,1.1000000000000014,0.3999999999999986,0.5
468,38.6,46.5,0.8999999999999986,1.7000000000000028,0.20000000000000284,0.6000000000000014
468,38.9,46.9,1.1999999999999957,2.1000000000000014,0.29999999999999716,0.3999999999999986
468,39.2,47.4,1.5,2.6000000000000014,0.30000000000000426,0.5
468,39.4,47.9,1.6999999999999957,3.1000000000000014,0.19999999999999574,0.5
468,39.8,48.4,2.0999999999999943,3.6000000000000014,0.3999999999999986,0.5
468,40.1,49.0,2.3999999999999986,4.200000000000003,0.30000000000000426,0.6000000000000014
468,40.5,49.5,2.799999999999997,4.700000000000003,0.3999999999999986,0.5
468,40.7,50.1,3.0,5.300000000000004,0.20000000000000284,0.6000000000000014
468,41.2,50.5,3.5,5.700000000000003,0.5,0.3999999999999986
468,41.5,51.1,3.799999999999997,6.300000000000004,0.29999999999999716,0.6000000000000014
468,41.9,51.6,4.199999999999996,6.800000000000004,0.3999999999999986,0.5
468,42.2,52.1,4.5,7.300000000000004,0.30000000000000426,0.5
468,42.6,52.6,4.899999999999999,7.800000000000004,0.3999999999999986,0.5
468,43.0,53.2,5.299999999999997,8.400000000000006,0.3999999999999986,0.6000000000000014
468,43.3,53.7,5.599999999999994,8.900000000000006,0.29999999999999716,0.5
468,43.7,54.3,6.0,9.5,0.4000000000000057,0.5999999999999943
468,44.1,54.8,6.399999999999999,10.0,0.3999999999999986,0.5
468,44.4,55.3,6.699999999999996,10.5,0.29999999999999716,0.5
468,44.9,55.9,7.199999999999996,11.100000000000001,0.5,0.6000000000000014
468,45.3,56.5,7.599999999999994,11.700000000000003,0.3999999999999986,0.6000000000000014
468,45.7,57.0,8.0,12.200000000000003,0.4000000000000057,0.5
471,46.6,58.1,0.3999999999999986,0.3999999999999986,0.3999999999999986,0.3999999999999986
492,47.6,59.0,0.5,0.3999999999999986,0.5,0.3999999999999986
493,47.9,59.3,0.7999999999999972,0.6999999999999957,0.29999999999999716,0.29999999999999716
493,48.4,59.6,1.2999999999999972,1.0,0.5,0.30000000000000426
493,48.8,60.0,1.6999999999999957,1.3999999999999986,0.3999999999999986,0.3999999999999986
493,49.3,60.4,2.1999999999999957,1.7999999999999972,0.5,0.3999999999999986
493,49.7,60.8,2.6000000000000014,2.1999999999999957,0.4000000000000057,0.3999999999999986
493,50.1,61.3,3.0,2.6999999999999957,0.3999999999999986,0.5
493,50.5,61.7,3.3999999999999986,3.1000000000000014,0.3999999999999986,0.4000000000000057
493,51.0,62.1,3.8999999999999986,3.5,0.5,0.3999999999999986
493,51.4,62.5,4.299999999999997,3.8999999999999986,0.3999999999999986,0.3999999999999986
493,51.8,63.0,4.699999999999996,4.399999999999999,0.3999999999999986,0.5
493,52.4,63.4,5.299999999999997,4.799999999999997,0.6000000000000014,0.3999999999999986
493,52.8,63.9,5.699999999999996,5.299999999999997,0.3999999999999986,0.5
493,53.3,64.4,6.199999999999996,5.800000000000004,0.5,0.5000000000000071
493,53.9,64.9,6.799999999999997,6.300000000000004,0.6000000000000014,0.5
493,54.2,65.4,7.100000000000001,6.800000000000004,0.30000000000000426,0.5
493,54.7,65.9,7.600000000000001,7.300000000000004,0.5,0.5
493,55.1,66.4,8.0,7.800000000000004,0.3999999999999986,0.5
493,55.7,67.0,8.600000000000001,8.399999999999999,0.6000000000000014,0.5999999999999943
495,56.9,68.2,0.6000000000000014,0.6000000000000085,0.6000000000000014,0.6000000000000085
518,57.9,69.3,0.6000000000000014,0.5999999999999943,0.6000000000000014,0.5999999999999943
518,58.2,69.8,0.9000000000000057,1.0999999999999943,0.30000000000000426,0.5
518,58.6,70.4,1.3000000000000043,1.7000000000000028,0.3999999999999986,0.6000000000000085
518,58.9,71.0,1.6000000000000014,2.299999999999997,0.29999999999999716,0.5999999999999943
518,59.3,71.5,2.0,2.799999999999997,0.3999999999999986,0.5
518,59.5,72.0,2.200000000000003,3.299999999999997,0.20000000000000284,0.5
518,59.9,72.5,2.6000000000000014,3.799999999999997,0.3999999999999986,0.5
518,60.3,73.0,3.0,4.299999999999997,0.3999999999999986,0.5
518,60.7,73.6,3.4000000000000057,4.8999999999999915,0.4000000000000057,0.5999999999999943
518,61.0,74.2,3.700000000000003,5.5,0.29999999999999716,0.6000000000000085
518,61.4,74.7,4.100000000000001,6.0,0.3999999999999986,0.5
518,61.8,75.2,4.5,6.5,0.3999999999999986,0.5
518,62.2,75.8,4.900000000000006,7.099999999999994,0.4000000000000057,0.5999999999999943
518,62.6,76.3,5.300000000000004,7.599999999999994,0.3999999999999986,0.5
518,63.0,76.9,5.700000000000003,8.200000000000003,0.3999999999999986,0.6000000000000085
518,63.5,77.5,6.200000000000003,8.799999999999997,0.5,0.5999999999999943
518,63.9,78.1,6.600000000000001,9.399999999999991,0.3999999999999986,0.5999999999999943
518,64.4,78.6,7.1000000000000085,9.899999999999991,0.5000000000000071,0.5
518,64.8,79.2,7.5,10.5,0.3999999999999915,0.6000000000000085
518,65.3,79.7,8.0,11.0,0.5,0.5
521,66.4,81.1,0.5,0.5,0.5,0.5
542,67.4,82.3,0.5,0.5999999999999943,0.5,0.5999999999999943
542,67.8,82.8,0.8999999999999915,1.0999999999999943,0.3999999999999915,0.5
542,68.1,83.1,1.1999999999999886,1.3999999999999915,0.29999999999999716,0.29999999999999716
542,68.5,83.5,1.5999999999999943,1.7999999999999972,0.4000000000000057,0.4000000000000057
542,68.7,83.9,1.7999999999999972,2.200000000000003,0.20000000000000284,0.4000000000000057
542,69.1,84.2,2.1999999999999886,2.5,0.3999999999999915,0.29999999999999716
542,69.4,84.5,2.5,2.799999999999997,0.30000000000001137,0.29999999999999716
542,69.8,84.9,2.8999999999999915,3.200000000000003,0.3999999999999915,0.4000000000000057
543,70.3,85.3,3.3999999999999915,3.5999999999999943,0.5,0.3999999999999915
543,70.7,85.7,3.799999999999997,4.0,0.4000000000000057,0.4000000000000057
543,71.2,86.2,4.299999999999997,4.5,0.5,0.5
543,71.7,86.7,4.799999999999997,5.0,0.5,0.5
543,72.0,87.0,5.099999999999994,5.299999999999997,0.29999999999999716,0.29999999999999716
543,72.5,87.5,5.599999999999994,5.799999999999997,0.5,0.5
543,72.9,87.9,6.0,6.200000000000003,0.4000000000000057,0.4000000000000057
543,73.3,88.4,6.3999999999999915,6.700000000000003,0.3999999999999915,0.5
543,73.7,89.0,6.799999999999997,7.299999999999997,0.4000000000000057,0.5999999999999943
543,74.2,89.5,7.299999999999997,7.799999999999997,0.5,0.5
543,74.8,90.0,7.8999999999999915,8.299999999999997,0.5999999999999943,0.5
545,76.1,91.3,0.5,0.5,0.5,0.5
566,77.5,92.7,0.7000000000000028,0.7000000000000028,0.7000000000000028,0.7000000000000028
566,78.0,93.2,1.2000000000000028,1.2000000000000028,0.5,0.5
566,78.5,93.7,1.7000000000000028,1.7000000000000028,0.5,0.5
566,79.0,94.1,2.200000000000003,2.0999999999999943,0.5,0.3999999999999915
566,79.4,94.5,2.6000000000000085,2.5,0.4000000000000057,0.4000000000000057
566,79.9,94.9,3.1000000000000085,2.9000000000000057,0.5,0.4000000000000057
566,80.2,95.4,3.4000000000000057,3.4000000000000057,0.29999999999999716,0.5
566,80.6,95.8,3.799999999999997,3.799999999999997,0.3999999999999915,0.3999999999999915
566,81.1,96.0,4.299999999999997,4.0,0.5,0.20000000000000284
566,81.5,96.4,4.700000000000003,4.400000000000006,0.4000000000000057,0.4000000000000057
566,82.0,96.8,5.200000000000003,4.799999999999997,0.5,0.3999999999999915
566,82.4,97.3,5.6000000000000085,5.299999999999997,0.4000000000000057,0.5
566,82.9,97.7,6.1000000000000085,5.700000000000003,0.5,0.4000000000000057
566,83.3,98.1,6.5,6.099999999999994,0.3999999999999915,0.3999999999999915
566,83.8,98.6,7.0,6.599999999999994,0.5,0.5
566,84.3,99.1,7.5,7.099999999999994,0.5,0.5
566,84.8,99.5,8.0,7.5,0.5,0.4000000000000057
566,85.3,100.0,8.5,8.0,0.5,0.5
568,86.4,101.3,0.4000000000000057,0.5,0.4000000000000057,0.5
590,87.5,102.5,0.5999999999999943,0.5999999999999943,0.5999999999999943,0.5999999999999943
590,87.8,103.0,0.8999999999999915,1.0999999999999943,0.29999999999999716,0.5
590,88.3,103.6,1.3999999999999915,1.6999999999999886,0.5,0.5999999999999943
590,88.4,104.1,1.5,2.1999999999999886,0.10000000000000853,0.5
590,88.9,104.6,2.0,2.6999999999999886,0.5,0.5
590,89.3,105.1,2.3999999999999915,3.1999999999999886,0.3999999999999915,0.5
590,89.7,105.6,2.799999999999997,3.6999999999999886,0.4000000000000057,0.5
590,90.1,106.1,3.1999999999999886,4.199999999999989,0.3999999999999915,0.5
590,90.5,106.7,3.5999999999999943,4.799999999999997,0.4000000000000057,0.6000000000000085
590,91.0,107.3,4.099999999999994,5.3999999999999915,0.5,0.5999999999999943
590,91.4,107.8,4.5,5.8999999999999915,0.4000000000000057,0.5
590,91.8,108.3,4.8999999999999915,6.3999999999999915,0.3999999999999915,0.5
590,92.3,108.9,5.3999999999999915,7.0,0.5,0.6000000000000085
590,92.8,109.5,5.8999999999999915,7.599999999999994,0.5,0.5999999999999943
590,93.2,110.0,6.299999999999997,8.099999999999994,0.4000000000000057,0.5
590,93.7,110.7,6.799999999999997,8.799999999999997,0.5,0.7000000000000028
590,94.2,111.2,7.299999999999997,9.299999999999997,0.5,0.5
590,94.6,111.8,7.699999999999989,9.899999999999991,0.3999999999999915,0.5999999999999943
590,95.2,112.3,8.299999999999997,10.399999999999991,0.6000000000000085,0.5
593,96.4,113.6,0.6000000000000085,0.5999999999999943,0.6000000000000085,0.5999999999999943
615,97.6,114.8,0.5999999999999943,0.5,0.5999999999999943,0.5
615,98.0,115.4,1.0,1.1000000000000085,0.4000000000000057,0.6000000000000085
615,98.4,115.8,1.4000000000000057,1.5,0.4000000000000057,0.3999999999999915
615,98.8,116.2,1.7999999999999972,1.9000000000000057,0.3999999999999915,0.4000000000000057
615,99.3,116.6,2.299999999999997,2.299999999999997,0.5,0.3999999999999915
615,99.6,116.9,2.5999999999999943,2.6000000000000085,0.29999999999999716,0.30000000000001137
615,99.9,117.2,2.9000000000000057,2.9000000000000057,0.30000000000001137,0.29999999999999716
615,100.2,117.6,3.200000000000003,3.299999999999997,0.29999999999999716,0.3999999999999915
615,100.5,117.9,3.5,3.6000000000000085,0.29999999999999716,0.30000000000001137
615,100.9,118.3,3.9000000000000057,4.0,0.4000000000000057,0.3999999999999915
615,101.3,118.7,4.299999999999997,4.400000000000006,0.3999999999999915,0.4000000000000057
615,101.9,119.2,4.900000000000006,4.900000000000006,0.6000000000000085,0.5
615,102.3,119.6,5.299999999999997,5.299999999999997,0.3999999999999915,0.3999999999999915
615,102.6,120.0,5.599999999999994,5.700000000000003,0.29999999999999716,0.4000000000000057
615,103.1,120.5,6.099999999999994,6.200000000000003,0.5,0.5
615,103.6,120.9,6.599999999999994,6.6000000000000085,0.5,0.4000000000000057
615,103.9,121.4,6.900000000000006,7.1000000000000085,0.30000000000001137,0.5
615,104.3,122.0,7.299999999999997,7.700000000000003,0.3999999999999915,0.5999999999999943
615,104.9,122.4,7.900000000000006,8.100000000000009,0.6000000000000085,0.4000000000000057
617,105.9,123.6,0.4000000000000057,0.5,0.4000000000000057,0.5
635,107.2,124.8,0.7000000000000028,0.5999999999999943,0.7000000000000028,0.5999999999999943
635,107.6,125.4,1.0999999999999943,1.2000000000000028,0.3999999999999915,0.6000000000000085
635,108.2,125.8,1.7000000000000028,1.5999999999999943,0.6000000000000085,0.3999999999999915
635,108.7,126.3,2.200000000000003,2.0999999999999943,0.5,0.5
635,109.1,126.9,2.5999999999999943,2.700000000000003,0.3999999999999915,0.6000000000000085
635,109.8,127.5,3.299999999999997,3.299999999999997,0.7000000000000028,0.5999999999999943
635,110.3,128.0,3.799999999999997,3.799999999999997,0.5,0.5
635,110.7,128.5,4.200000000000003,4.299999999999997,0.4000000000000057,0.5
635,111.2,129.1,4.700000000000003,4.8999999999999915,0.5,0.5999999999999943
635,111.8,129.6,5.299999999999997,5.3999999999999915,0.5999999999999943,0.5
635,112.2,130.2,5.700000000000003,5.999999999999986,0.4000000000000057,0.5999999999999943
635,112.8,130.6,6.299999999999997,6.3999999999999915,0.5999999999999943,0.4000000000000057
635,113.3,131.2,6.799999999999997,6.999999999999986,0.5,0.5999999999999943
635,113.9,131.6,7.400000000000006,7.3999999999999915,0.6000000000000085,0.4000000000000057
635,114.5,132.2,8.0,7.999999999999986,0.5999999999999943,0.5999999999999943
637,115.8,133.3,0.7000000000000028,0.5,0.7000000000000028,0.5
655,117.0,134.6,0.5,0.5999999999999943,0.5,0.5999999999999943
655,117.7,135.1,1.2000000000000028,1.0999999999999943,0.7000000000000028,0.5
655,118.2,135.7,1.7000000000000028,1.6999999999999886,0.5,0.5999999999999943
655,118.8,136.2,2.299999999999997,2.1999999999999886,0.5999999999999943,0.5
655,119.3,136.7,2.799999999999997,2.6999999999999886,0.5,0.5
655,119.9,137.2,3.4000000000000057,3.1999999999999886,0.6000000000000085,0.5
655,120.5,137.7,4.0,3.6999999999999886,0.5999999999999943,0.5
655,121.1,138.3,4.599999999999994,4.300000000000011,0.5999999999999943,0.6000000000000227
655,121.7,138.8,5.200000000000003,4.800000000000011,0.6000000000000085,0.5
655,122.3,139.3,5.799999999999997,5.300000000000011,0.5999999999999943,0.5
655,122.9,139.9,6.400000000000006,5.900000000000006,0.6000000000000085,0.5999999999999943
655,123.5,140.4,7.0,6.400000000000006,0.5999999999999943,0.5
655,124.1,140.9,7.599999999999994,6.900000000000006,0.5999999999999943,0.5
655,124.7,141.5,8.200000000000003,7.5,0.6000000000000085,0.5999999999999943
655,125.3,142.1,8.799999999999997,8.099999999999994,0.5999999999999943,0.5999999999999943
657,126.9,143.4,0.8000000000000114,0.5999999999999943,0.8000000000000114,0.5999999999999943
674,128.3,144.7,0.8000000000000114,0.6999999999999886,0.8000000000000114,0.6999999999999886
674,128.9,145.2,1.4000000000000057,1.1999999999999886,0.5999999999999943,0.5
674,129.5,145.8,2.0,1.8000000000000114,0.5999999999999943,0.6000000000000227
674,130.0,146.3,2.5,2.3000000000000114,0.5,0.5
674,130.7,146.9,3.1999999999999886,2.9000000000000057,0.6999999999999886,0.5999999999999943
674,131.3,147.4,3.8000000000000114,3.4000000000000057,0.6000000000000227,0.5
674,132.0,148.1,4.5,4.099999999999994,0.6999999999999886,0.6999999999999886
674,132.7,148.6,5.199999999999989,4.599999999999994,0.6999999999999886,0.5
674,133.2,149.1,5.699999999999989,5.099999999999994,0.5,0.5
674,133.8,149.7,6.300000000000011,5.699999999999989,0.6000000000000227,0.5999999999999943
674,134.4,150.2,6.900000000000006,6.199999999999989,0.5999999999999943,0.5
674,135.0,150.8,7.5,6.800000000000011,0.5999999999999943,0.6000000000000227
674,135.7,151.4,8.199999999999989,7.400000000000006,0.6999999999999886,0.5999999999999943
674,136.4,152.0,8.900000000000006,8.0,0.700000000000017,0.5999999999999943
676,138.0,153.3,0.6999999999999886,0.5,0.6999999999999886,0.5
693,139.5,154.7,0.9000000000000057,0.6999999999999886,0.9000000000000057,0.6999999999999886
693,140.1,155.2,1.5,1.1999999999999886,0.5999999999999943,0.5
693,140.7,155.9,2.0999999999999943,1.9000000000000057,0.5999999999999943,0.700000000000017
693,141.3,156.4,2.700000000000017,2.4000000000000057,0.6000000000000227,0.5
693,142.0,157.0,3.4000000000000057,3.0,0.6999999999999886,0.5999999999999943
693,142.7,157.6,4.099999999999994,3.5999999999999943,0.6999999999999886,0.5999999999999943
693,143.3,158.2,4.700000000000017,4.199999999999989,0.6000000000000227,0.5999999999999943
693,143.8,158.8,5.200000000000017,4.800000000000011,0.5,0.6000000000000227
693,144.3,159.4,5.700000000000017,5.400000000000006,0.5,0.5999999999999943
693,145.0,160.0,6.400000000000006,6.0,0.6999999999999886,0.5999999999999943
693,145.6,160.6,7.0,6.599999999999994,0.5999999999999943,0.5999999999999943
693,146.1,161.2,7.5,7.199999999999989,0.5,0.5999999999999943
693,146.7,161.8,8.099999999999994,7.800000000000011,0.5999999999999943,0.6000000000000227
693,147.4,162.5,8.800000000000011,8.5,0.700000000000017,0.6999999999999886
695,148.7,163.9,0.5999999999999943,0.5999999999999943,0.5999999999999943,0.5999999999999943
716,149.9,165.2,0.5999999999999943,0.6999999999999886,0.5999999999999943,0.6999999999999886
716,150.4,165.9,1.0999999999999943,1.4000000000000057,0.5,0.700000000000017
716,150.7,166.5,1.3999999999999773,2.0,0.29999999999998295,0.5999999999999943
716,151.1,167.1,1.799999999999983,2.5999999999999943,0.4000000000000057,0.5999999999999943
716,151.6,167.6,2.299999999999983,3.0999999999999943,0.5,0.5
716,151.9,168.3,2.5999999999999943,3.8000000000000114,0.30000000000001137,0.700000000000017
716,152.4,168.9,3.0999999999999943,4.400000000000006,0.5,0.5999999999999943
716,152.8,169.6,3.5,5.099999999999994,0.4000000000000057,0.6999999999999886
716,153.2,170.2,3.8999999999999773,5.699999999999989,0.39999999999997726,0.5999999999999943
716,153.7,170.7,4.399999999999977,6.199999999999989,0.5,0.5
716,154.2,171.4,4.899999999999977,6.900000000000006,0.5,0.700000000000017
716,154.6,172.0,5.299999999999983,7.5,0.4000000000000057,0.5999999999999943
716,155.1,172.6,5.799999999999983,8.099999999999994,0.5,0.5999999999999943
716,155.6,173.2,6.299999999999983,8.699999999999989,0.5,0.5999999999999943
716,156.1,173.8,6.799999999999983,9.300000000000011,0.5,0.6000000000000227
716,156.6,174.4,7.299999999999983,9.900000000000006,0.5,0.5999999999999943
716,157.1,175.0,7.799999999999983,10.5,0.5,0.5999999999999943
716,157.5,175.5,8.199999999999989,11.0,0.4000000000000057,0.5
719,158.9,176.7,0.700000000000017,0.39999999999997726,0.700000000000017,0.39999999999997726
743,160.0,177.8,0.5999999999999943,0.6000000000000227,0.5999999999999943,0.6000000000000227
743,160.5,178.0,1.0999999999999943,0.8000000000000114,0.5,0.19999999999998863
743,161.0,178.5,1.5999999999999943,1.3000000000000114,0.5,0.5
743,161.5,178.6,2.0999999999999943,1.4000000000000057,0.5,0.09999999999999432
743,162.1,179.0,2.6999999999999886,1.8000000000000114,0.5999999999999943,0.4000000000000057
743,162.7,179.2,3.299999999999983,2.0,0.5999999999999943,0.19999999999998863
743,163.0,179.5,3.5999999999999943,2.3000000000000114,0.30000000000001137,0.30000000000001137
743,163.4,179.8,4.0,2.6000000000000227,0.4000000000000057,0.30000000000001137
743,164.1,180.0,4.699999999999989,2.8000000000000114,0.6999999999999886,0.19999999999998863
743,164.4,180.4,5.0,3.200000000000017,0.30000000000001137,0.4000000000000057
743,165.0,180.6,5.599999999999994,3.4000000000000057,0.5999999999999943,0.19999999999998863
743,165.5,181.1,6.099999999999994,3.9000000000000057,0.5,0.5
743,166.0,181.5,6.599999999999994,4.300000000000011,0.5,0.4000000000000057
743,166.6,181.9,7.199999999999989,4.700000000000017,0.5999999999999943,0.4000000000000057
743,167.1,182.3,7.699999999999989,5.100000000000023,0.5,0.4000000000000057
743,167.7,182.7,8.299999999999983,5.5,0.5999999999999943,0.39999999999997726
743,168.3,183.2,8.900000000000006,6.0,0.6000000000000227,0.5
743,168.9,183.6,9.5,6.400000000000006,0.5999999999999943,0.4000000000000057
743,169.5,184.2,10.099999999999994,7.0,0.5999999999999943,0.5999999999999943
743,170.0,184.7,10.599999999999994,7.5,0.5,0.5
743,170.6,185.2,11.199999999999989,8.0,0.5999999999999943,0.5
745,172.0,186.5,0.6999999999999886,0.6999999999999886,0.6999999999999886,0.6999999999999886
766,173.5,187.7,0.6999999999999886,0.5999999999999943,0.6999999999999886,0.5999999999999943
766,174.1,188.2,1.299999999999983,1.0999999999999943,0.5999999999999943,0.5
766,174.6,188.7,1.799999999999983,1.5999999999999943,0.5,0.5
766,175.3,189.2,2.5,2.0999999999999943,0.700000000000017,0.5
766,175.7,189.5,2.8999999999999773,2.4000000000000057,0.39999999999997726,0.30000000000001137
766,176.3,189.9,3.5,2.8000000000000114,0.6000000000000227,0.4000000000000057
766,176.8,190.3,4.0,3.200000000000017,0.5,0.4000000000000057
766,177.3,190.6,4.5,3.5,0.5,0.29999999999998295
766,177.9,190.9,5.099999999999994,3.8000000000000114,0.5999999999999943,0.30000000000001137
766,178.4,191.3,5.599999999999994,4.200000000000017,0.5,0.4000000000000057
766,178.8,191.8,6.0,4.700000000000017,0.4000000000000057,0.5
766,179.4,192.2,6.599999999999994,5.099999999999994,0.5999999999999943,0.39999999999997726
766,179.8,192.6,7.0,5.5,0.4000000000000057,0.4000000000000057
766,180.3,193.0,7.5,5.900000000000006,0.5,0.4000000000000057
766,180.7,193.6,7.899999999999977,6.5,0.39999999999997726,0.5999999999999943
766,181.1,194.0,8.299999999999983,6.900000000000006,0.4000000000000057,0.4000000000000057
766,181.5,194.6,8.699999999999989,7.5,0.4000000000000057,0.5999999999999943
766,182.0,195.1,9.199999999999989,8.0,0.5,0.5
769,182.8,196.4,0.4000000000000057,0.5,0.4000000000000057,0.5
801,183.6,197.7,0.4000000000000057,0.6999999999999886,0.4000000000000057,0.6999999999999886
801,184.0,198.3,0.8000000000000114,1.3000000000000114,0.4000000000000057,0.6000000000000227
801,184.2,198.8,1.0,1.8000000000000114,0.19999999999998863,0.5
801,184.4,199.5,1.200000000000017,2.5,0.20000000000001705,0.6999999999999886
801,184.6,199.9,1.4000000000000057,2.9000000000000057,0.19999999999998863,0.4000000000000057
801,184.9,200.5,1.700000000000017,3.5,0.30000000000001137,0.5999999999999943
801,185.2,201.1,2.0,4.099999999999994,0.29999999999998295,0.5999999999999943
802,185.5,201.6,2.3000000000000114,4.599999999999994,0.30000000000001137,0.5
802,185.8,202.3,2.6000000000000227,5.300000000000011,0.30000000000001137,0.700000000000017
802,186.1,202.7,2.9000000000000057,5.699999999999989,0.29999999999998295,0.39999999999997726
802,186.4,203.3,3.200000000000017,6.300000000000011,0.30000000000001137,0.6000000000000227
802,186.6,203.9,3.4000000000000057,6.900000000000006,0.19999999999998863,0.5999999999999943
802,186.9,204.4,3.700000000000017,7.400000000000006,0.30000000000001137,0.5
802,187.1,205.0,3.9000000000000057,8.0,0.19999999999998863,0.5999999999999943
802,187.4,205.6,4.200000000000017,8.599999999999994,0.30000000000001137,0.5999999999999943
802,187.7,206.1,4.5,9.099999999999994,0.29999999999998295,0.5
802,187.9,206.6,4.700000000000017,9.599999999999994,0.20000000000001705,0.5
802,188.3,207.1,5.100000000000023,10.099999999999994,0.4000000000000057,0.5
802,188.6,207.7,5.400000000000006,10.699999999999989,0.29999999999998295,0.5999999999999943
802,188.8,208.0,5.600000000000023,11.0,0.20000000000001705,0.30000000000001137
802,189.1,208.5,5.900000000000006,11.5,0.29999999999998295,0.5
802,189.4,208.9,6.200000000000017,11.900000000000006,0.30000000000001137,0.4000000000000057
802,189.6,209.2,6.400000000000006,12.199999999999989,0.19999999999998863,0.29999999999998295
802,189.9,209.5,6.700000000000017,12.5,0.30000000000001137,0.30000000000001137
802,190.2,209.7,7.0,12.699999999999989,0.29999999999998295,0.19999999999998863
802,190.4,210.0,7.200000000000017,13.0,0.20000000000001705,0.30000000000001137
802,190.7,210.2,7.5,13.199999999999989,0.29999999999998295,0.19999999999998863
802,191.0,210.5,7.800000000000011,13.5,0.30000000000001137,0.30000000000001137
802,191.3,210.7,8.100000000000023,13.699999999999989,0.30000000000001137,0.19999999999998863
804,192.1,211.2,0.4000000000000057,0.29999999999998295,0.4000000000000057,0.29999999999998295
836,192.7,211.5,0.29999999999998295,0.19999999999998863,0.29999999999998295,0.19999999999998863
836,193.0,211.6,0.5999999999999943,0.29999999999998295,0.30000000000001137,0.09999999999999432
836,193.3,211.8,0.9000000000000057,0.5,0.30000000000001137,0.20000000000001705
836,193.8,211.8,1.4000000000000057,0.5,0.5,0.0
836,194.0,211.8,1.5999999999999943,0.5,0.19999999999998863,0.0
836,194.4,211.9,2.0,0.5999999999999943,0.4000000000000057,0.09999999999999432
836,194.8,212.0,2.4000000000000057,0.6999999999999886,0.4000000000000057,0.09999999999999432
836,195.1,212.3,2.6999999999999886,1.0,0.29999999999998295,0.30000000000001137
836,195.5,212.4,3.0999999999999943,1.0999999999999943,0.4000000000000057,0.09999999999999432
836,195.8,212.7,3.4000000000000057,1.3999999999999773,0.30000000000001137,0.29999999999998295
836,196.2,212.8,3.799999999999983,1.5,0.39999999999997726,0.10000000000002274
836,196.5,213.0,4.099999999999994,1.6999999999999886,0.30000000000001137,0.19999999999998863
836,197.0,213.2,4.599999999999994,1.8999999999999773,0.5,0.19999999999998863
836,197.2,213.3,4.799999999999983,2.0,0.19999999999998863,0.10000000000002274
836,197.7,213.5,5.299999999999983,2.1999999999999886,0.5,0.19999999999998863
836,198.1,213.8,5.699999999999989,2.5,0.4000000000000057,0.30000000000001137
836,198.5,214.2,6.099999999999994,2.8999999999999773,0.4000000000000057,0.39999999999997726
836,198.8,214.5,6.400000000000006,3.1999999999999886,0.30000000000001137,0.30000000000001137
836,199.2,214.9,6.799999999999983,3.5999999999999943,0.39999999999997726,0.4000000000000057
836,199.7,215.4,7.299999999999983,4.099999999999994,0.5,0.5
836,200.0,215.8,7.599999999999994,4.5,0.30000000000001137,0.4000000000000057
836,200.4,216.3,8.0,5.0,0.4000000000000057,0.5
836,200.8,216.8,8.400000000000006,5.5,0.4000000000000057,0.5
836,201.2,217.2,8.799999999999983,5.899999999999977,0.39999999999997726,0.39999999999997726
836,201.6,217.7,9.199999999999989,6.399999999999977,0.4000000000000057,0.5
836,202.0,218.2,9.599999999999994,6.899999999999977,0.4000000000000057,0.5
836,202.3,218.7,9.900000000000006,7.399999999999977,0.30000000000001137,0.5
836,202.6,219.2,10.199999999999989,7.899999999999977,0.29999999999998295,0.5
839,203.4,220.6,0.30000000000001137,0.5999999999999943,0.30000000000001137,0.5999999999999943
871,204.1,221.7,0.29999999999998295,0.5999999999999943,0.29999999999998295,0.5999999999999943
871,204.3,222.2,0.5,1.0999999999999943,0.20000000000001705,0.5
871,204.6,222.6,0.799999999999983,1.5,0.29999999999998295,0.4000000000000057
871,204.8,223.0,1.0,1.9000000000000057,0.20000000000001705,0.4000000000000057
871,204.9,223.5,1.0999999999999943,2.4000000000000057,0.09999999999999432,0.5
871,205.2,223.8,1.3999999999999773,2.700000000000017,0.29999999999998295,0.30000000000001137
871,205.4,224.1,1.5999999999999943,3.0,0.20000000000001705,0.29999999999998295
871,205.6,224.4,1.799999999999983,3.3000000000000114,0.19999999999998863,0.30000000000001137
871,205.8,224.7,2.0,3.5999999999999943,0.20000000000001705,0.29999999999998295
871,206.0,225.1,2.1999999999999886,4.0,0.19999999999998863,0.4000000000000057
871,206.1,225.5,2.299999999999983,4.400000000000006,0.09999999999999432,0.4000000000000057
871,206.4,225.9,2.5999999999999943,4.800000000000011,0.30000000000001137,0.4000000000000057
871,206.7,226.3,2.8999999999999773,5.200000000000017,0.29999999999998295,0.4000000000000057
871,207.0,226.7,3.1999999999999886,5.599999999999994,0.30000000000001137,0.39999999999997726
871,207.3,227.2,3.5,6.099999999999994,0.30000000000001137,0.5
871,207.5,227.6,3.6999999999999886,6.5,0.19999999999998863,0.4000000000000057
871,207.9,228.0,4.099999999999994,6.900000000000006,0.4000000000000057,0.4000000000000057
871,208.1,228.5,4.299999999999983,7.400000000000006,0.19999999999998863,0.5
871,208.4,229.1,4.599999999999994,8.0,0.30000000000001137,0.5999999999999943
871,208.7,229.6,4.899999999999977,8.5,0.29999999999998295,0.5
871,209.1,230.0,5.299999999999983,8.900000000000006,0.4000000000000057,0.4000000000000057
871,209.4,230.5,5.599999999999994,9.400000000000006,0.30000000000001137,0.5
871,209.8,231.0,6.0,9.900000000000006,0.4000000000000057,0.5
871,210.1,231.6,6.299999999999983,10.5,0.29999999999998295,0.5999999999999943
871,210.4,232.1,6.599999999999994,11.0,0.30000000000001137,0.5
871,210.8,232.7,7.0,11.599999999999994,0.4000000000000057,0.5999999999999943
871,211.1,233.2,7.299999999999983,12.099999999999994,0.29999999999998295,0.5
871,211.3,233.6,7.5,12.5,0.20000000000001705,0.4000000000000057
871,211.7,234.1,7.899999999999977,13.0,0.39999999999997726,0.5
874,212.3,234.9,0.20000000000001705,0.30000000000001137,0.20000000000001705,0.30000000000001137
906,212.9,235.5,0.30000000000001137,0.19999999999998863,0.30000000000001137,0.19999999999998863
906,213.3,235.8,0.700000000000017,0.5,0.4000000000000057,0.30000000000001137
906,213.4,236.0,0.8000000000000114,0.6999999999999886,0.09999999999999432,0.19999999999998863
906,213.6,236.2,1.0,0.8999999999999773,0.19999999999998863,0.19999999999998863
906,213.9,236.4,1.3000000000000114,1.0999999999999943,0.30000000000001137,0.20000000000001705
906,214.2,236.5,1.5999999999999943,1.1999999999999886,0.29999999999998295,0.09999999999999432
906,214.3,236.8,1.700000000000017,1.5,0.10000000000002274,0.30000000000001137
907,214.6,237.0,2.0,1.6999999999999886,0.29999999999998295,0.19999999999998863
907,214.8,237.2,2.200000000000017,1.8999999999999773,0.20000000000001705,0.19999999999998863
907,215.0,237.6,2.4000000000000057,2.299999999999983,0.19999999999998863,0.4000000000000057
907,215.4,237.9,2.8000000000000114,2.5999999999999943,0.4000000000000057,0.30000000000001137
907,215.7,238.2,3.0999999999999943,2.8999999999999773,0.29999999999998295,0.29999999999998295
907,215.9,238.5,3.3000000000000114,3.1999999999999886,0.20000000000001705,0.30000000000001137
907,216.2,238.9,3.5999999999999943,3.5999999999999943,0.29999999999998295,0.4000000000000057
907,216.5,239.3,3.9000000000000057,4.0,0.30000000000001137,0.4000000000000057
907,216.8,239.7,4.200000000000017,4.399999999999977,0.30000000000001137,0.39999999999997726
907,217.3,240.1,4.700000000000017,4.799999999999983,0.5,0.4000000000000057
907,217.5,240.6,4.900000000000006,5.299999999999983,0.19999999999998863,0.5
907,217.7,241.0,5.099999999999994,5.699999999999989,0.19999999999998863,0.4000000000000057
907,218.1,241.5,5.5,6.199999999999989,0.4000000000000057,0.5
907,218.3,241.9,5.700000000000017,6.599999999999994,0.20000000000001705,0.4000000000000057
907,218.6,242.4,6.0,7.099999999999994,0.29999999999998295,0.5
907,219.0,242.9,6.400000000000006,7.599999999999994,0.4000000000000057,0.5
907,219.2,243.4,6.599999999999994,8.099999999999994,0.19999999999998863,0.5
907,219.5,243.9,6.900000000000006,8.599999999999994,0.30000000000001137,0.5
907,219.8,244.4,7.200000000000017,9.099999999999994,0.30000000000001137,0.5
907,220.1,244.9,7.5,9.599999999999994,0.29999999999998295,0.5
907,220.4,245.4,7.800000000000011,10.099999999999994,0.30000000000001137,0.5
907,220.8,246.0,8.200000000000017,10.699999999999989,0.4000000000000057,0.5999999999999943
909,221.6,247.2,0.4000000000000057,0.39999999999997726,0.4000000000000057,0.39999999999997726
934,222.4,248.3,0.4000000000000057,0.6000000000000227,0.4000000000000057,0.6000000000000227
934,222.7,248.6,0.6999999999999886,0.9000000000000057,0.29999999999998295,0.29999999999998295
934,223.1,248.9,1.0999999999999943,1.200000000000017,0.4000000000000057,0.30000000000001137
934,223.5,249.3,1.5,1.6000000000000227,0.4000000000000057,0.4000000000000057
934,223.8,249.5,1.8000000000000114,1.8000000000000114,0.30000000000001137,0.19999999999998863
934,224.2,250.0,2.1999999999999886,2.3000000000000114,0.39999999999997726,0.5
934,224.6,250.4,2.5999999999999943,2.700000000000017,0.4000000000000057,0.4000000000000057
934,224.9,250.8,2.9000000000000057,3.1000000000000227,0.30000000000001137,0.4000000000000057
934,225.2,251.2,3.1999999999999886,3.5,0.29999999999998295,0.39999999999997726
934,225.6,251.6,3.5999999999999943,3.9000000000000057,0.4000000000000057,0.4000000000000057
934,225.9,252.1,3.9000000000000057,4.400000000000006,0.30000000000001137,0.5
934,226.2,252.5,4.199999999999989,4.800000000000011,0.29999999999998295,0.4000000000000057
934,226.5,252.9,4.5,5.200000000000017,0.30000000000001137,0.4000000000000057
934,226.9,253.5,4.900000000000006,5.800000000000011,0.4000000000000057,0.5999999999999943
934,227.3,254.0,5.300000000000011,6.300000000000011,0.4000000000000057,0.5
934,227.7,254.4,5.699999999999989,6.700000000000017,0.39999999999997726,0.4000000000000057
934,228.0,255.0,6.0,7.300000000000011,0.30000000000001137,0.5999999999999943
934,228.4,255.4,6.400000000000006,7.700000000000017,0.4000000000000057,0.4000000000000057
934,228.8,255.9,6.800000000000011,8.200000000000017,0.4000000000000057,0.5
934,229.2,256.5,7.199999999999989,8.800000000000011,0.39999999999997726,0.5999999999999943
934,229.5,257.1,7.5,9.400000000000034,0.30000000000001137,0.6000000000000227
934,229.9,257.6,7.900000000000006,9.900000000000034,0.4000000000000057,0.5
937,230.9,258.8,0.4000000000000057,0.5,0.4000000000000057,0.5
959,231.9,259.7,0.5999999999999943,0.5999999999999659,0.5999999999999943,0.5999999999999659
959,232.2,260.0,0.8999999999999773,0.8999999999999773,0.29999999999998295,0.30000000000001137
959,232.6,260.3,1.299999999999983,1.1999999999999886,0.4000000000000057,0.30000000000001137
959,233.1,260.6,1.799999999999983,1.5,0.5,0.30000000000001137
959,233.5,261.0,2.1999999999999886,1.8999999999999773,0.4000000000000057,0.39999999999997726
959,233.9,261.5,2.5999999999999943,2.3999999999999773,0.4000000000000057,0.5
959,234.3,261.8,3.0,2.6999999999999886,0.4000000000000057,0.30000000000001137
959,234.7,262.2,3.3999999999999773,3.099999999999966,0.39999999999997726,0.39999999999997726
959,235.1,262.6,3.799999999999983,3.5,0.4000000000000057,0.4000000000000341
959,235.5,263.1,4.199999999999989,4.0,0.4000000000000057,0.5
959,236.0,263.5,4.699999999999989,4.399999999999977,0.5,0.39999999999997726
959,236.4,264.1,5.099999999999994,5.0,0.4000000000000057,0.6000000000000227
959,236.7,264.5,5.399999999999977,5.399999999999977,0.29999999999998295,0.39999999999997726
959,237.2,265.0,5.899999999999977,5.899999999999977,0.5,0.5
959,237.7,265.5,6.399999999999977,6.399999999999977,0.5,0.5
959,238.2,266.0,6.899999999999977,6.899999999999977,0.5,0.5
959,238.6,266.6,7.299999999999983,7.5,0.4000000000000057,0.6000000000000227
959,239.0,267.1,7.699999999999989,8.0,0.4000000000000057,0.5
959,239.5,267.7,8.199999999999989,8.599999999999966,0.5,0.5999999999999659
961,240.8,269.0,0.6000000000000227,0.6000000000000227,0.6000000000000227,0.6000000000000227
983,241.6,270.1,0.5,0.5,0.5,0.5
983,242.0,270.5,0.9000000000000057,0.8999999999999773,0.4000000000000057,0.39999999999997726
983,242.4,270.9,1.3000000000000114,1.2999999999999545,0.4000000000000057,0.39999999999997726
983,243.0,271.2,1.9000000000000057,1.599999999999966,0.5999999999999943,0.30000000000001137
983,243.2,271.6,2.0999999999999943,2.0,0.19999999999998863,0.4000000000000341
983,243.5,271.9,2.4000000000000057,2.2999999999999545,0.30000000000001137,0.2999999999999545
983,243.8,272.2,2.700000000000017,2.599999999999966,0.30000000000001137,0.30000000000001137
983,244.4,272.6,3.3000000000000114,3.0,0.5999999999999943,0.4000000000000341
983,244.7,273.1,3.5999999999999943,3.5,0.29999999999998295,0.5
983,245.2,273.5,4.099999999999994,3.8999999999999773,0.5,0.39999999999997726
983,245.7,273.9,4.599999999999994,4.2999999999999545,0.5,0.39999999999997726
983,246.2,274.4,5.099999999999994,4.7999999999999545,0.5,0.5
983,246.5,274.8,5.400000000000006,5.199999999999989,0.30000000000001137,0.4000000000000341
983,247.0,275.3,5.900000000000006,5.699999999999989,0.5,0.5
983,247.5,275.8,6.400000000000006,6.199999999999989,0.5,0.5
983,247.9,276.3,6.800000000000011,6.699999999999989,0.4000000000000057,0.5
983,248.3,276.8,7.200000000000017,7.199999999999989,0.4000000000000057,0.5
983,248.8,277.3,7.700000000000017,7.699999999999989,0.5,0.5
983,249.3,277.7,8.200000000000017,8.099999999999966,0.5,0.39999999999997726
986,250.4,279.1,0.5999999999999943,0.6000000000000227,0.5999999999999943,0.6000000000000227
1007,251.5,280.3,0.5999999999999943,0.6000000000000227,0.5999999999999943,0.6000000000000227
1007,252.0,280.8,1.0999999999999943,1.1000000000000227,0.5,0.5
1007,252.4,281.2,1.5,1.5,0.4000000000000057,0.39999999999997726
1007,252.7,281.7,1.799999999999983,2.0,0.29999999999998295,0.5
1007,253.1,282.1,2.1999999999999886,2.400000000000034,0.4000000000000057,0.4000000000000341
1007,253.6,282.5,2.6999999999999886,2.8000000000000114,0.5,0.39999999999997726
1007,253.8,282.9,2.9000000000000057,3.1999999999999886,0.20000000000001705,0.39999999999997726
1007,254.2,283.2,3.299999999999983,3.5,0.39999999999997726,0.30000000000001137
1007,254.6,283.5,3.6999999999999886,3.8000000000000114,0.4000000000000057,0.30000000000001137
1007,255.0,284.0,4.099999999999994,4.300000000000011,0.4000000000000057,0.5
1007,255.4,284.4,4.5,4.699999999999989,0.4000000000000057,0.39999999999997726
1007,255.8,284.9,4.900000000000006,5.199999999999989,0.4000000000000057,0.5
1007,256.3,285.3,5.400000000000006,5.600000000000023,0.5,0.4000000000000341
1007,256.6,285.7,5.700000000000017,6.0,0.30000000000001137,0.39999999999997726
1007,256.9,286.1,5.999999999999972,6.400000000000034,0.2999999999999545,0.4000000000000341
1007,257.4,286.6,6.499999999999972,6.900000000000034,0.5,0.5
1008,257.8,287.2,6.900000000000006,7.5,0.4000000000000341,0.5999999999999659
1008,258.3,287.7,7.400000000000006,8.0,0.5,0.5
1008,258.8,288.1,7.900000000000006,8.400000000000034,0.5,0.4000000000000341
1010,259.9,289.4,0.39999999999997726,0.5,0.39999999999997726,0.5
1028,261.1,290.7,0.7000000000000455,0.6999999999999886,0.7000000000000455,0.6999999999999886
1029,261.5,291.2,1.1000000000000227,1.1999999999999886,0.39999999999997726,0.5
1029,262.0,291.7,1.6000000000000227,1.6999999999999886,0.5,0.5
1029,262.5,292.3,2.1000000000000227,2.3000000000000114,0.5,0.6000000000000227
1029,263.0,292.9,2.6000000000000227,2.8999999999999773,0.5,0.5999999999999659
1029,263.4,293.4,3.0,3.3999999999999773,0.39999999999997726,0.5
1029,263.9,293.9,3.5,3.8999999999999773,0.5,0.5
1029,264.3,294.5,3.900000000000034,4.5,0.4000000000000341,0.6000000000000227
1029,264.9,295.1,4.5,5.100000000000023,0.5999999999999659,0.6000000000000227
1029,265.3,295.6,4.900000000000034,5.600000000000023,0.4000000000000341,0.5
1029,265.8,296.1,5.400000000000034,6.100000000000023,0.5,0.5
1029,266.3,296.8,5.900000000000034,6.800000000000011,0.5,0.6999999999999886
1029,266.8,297.3,6.400000000000034,7.300000000000011,0.5,0.5
1029,267.3,297.9,6.900000000000034,7.899999999999977,0.5,0.5999999999999659
1029,268.0,298.5,7.600000000000023,8.5,0.6999999999999886,0.6000000000000227
1029,268.5,299.1,8.100000000000023,9.100000000000023,0.5,0.6000000000000227
1031,269.7,300.6,0.5,0.7000000000000455,0.5,0.7000000000000455
1053,270.9,301.9,0.5,0.6999999999999886,0.5,0.6999999999999886
1053,271.6,302.5,1.2000000000000455,1.3000000000000114,0.7000000000000455,0.6000000000000227
1053,272.0,303.0,1.6000000000000227,1.8000000000000114,0.39999999999997726,0.5
1053,272.5,303.6,2.1000000000000227,2.400000000000034,0.5,0.6000000000000227
1053,273.0,304.0,2.6000000000000227,2.8000000000000114,0.5,0.39999999999997726
1053,273.5,304.4,3.1000000000000227,3.1999999999999886,0.5,0.39999999999997726
1053,273.8,304.8,3.400000000000034,3.6000000000000227,0.30000000000001137,0.4000000000000341
1053,274.1,305.2,3.7000000000000455,4.0,0.30000000000001137,0.39999999999997726
1053,274.5,305.6,4.100000000000023,4.400000000000034,0.39999999999997726,0.4000000000000341
1053,274.7,305.9,4.300000000000011,4.699999999999989,0.19999999999998863,0.2999999999999545
1053,275.1,306.3,4.7000000000000455,5.100000000000023,0.4000000000000341,0.4000000000000341
1053,275.4,306.7,5.0,5.5,0.2999999999999545,0.39999999999997726
1053,275.9,307.1,5.5,5.900000000000034,0.5,0.4000000000000341
1053,276.3,307.5,5.900000000000034,6.300000000000011,0.4000000000000341,0.39999999999997726
1053,276.7,308.0,6.300000000000011,6.800000000000011,0.39999999999997726,0.5
1053,277.2,308.4,6.800000000000011,7.199999999999989,0.5,0.39999999999997726
1053,277.7,308.8,7.300000000000011,7.600000000000023,0.5,0.4000000000000341
1053,278.1,309.3,7.7000000000000455,8.100000000000023,0.4000000000000341,0.5
1053,278.6,309.9,8.200000000000045,8.699999999999989,0.5,0.5999999999999659
1056,279.8,311.1,0.5,0.5,0.5,0.5
1077,281.0,312.0,0.6000000000000227,0.5,0.6000000000000227,0.5
1077,281.6,312.3,1.2000000000000455,0.8000000000000114,0.6000000000000227,0.30000000000001137
1077,282.1,312.6,1.7000000000000455,1.1000000000000227,0.5,0.30000000000001137
1077,282.6,313.0,2.2000000000000455,1.5,0.5,0.39999999999997726
1077,283.3,313.3,2.900000000000034,1.8000000000000114,0.6999999999999886,0.30000000000001137
1077,283.8,313.6,3.400000000000034,2.1000000000000227,0.5,0.30000000000001137
1077,284.4,314.0,4.0,2.5,0.5999999999999659,0.39999999999997726
1077,285.0,314.4,4.600000000000023,2.8999999999999773,0.6000000000000227,0.39999999999997726
1077,285.6,314.8,5.2000000000000455,3.3000000000000114,0.6000000000000227,0.4000000000000341
1078,286.2,315.2,5.800000000000011,3.6999999999999886,0.5999999999999659,0.39999999999997726
1078,286.8,315.7,6.400000000000034,4.199999999999989,0.6000000000000227,0.5
1078,287.5,316.1,7.100000000000023,4.600000000000023,0.6999999999999886,0.4000000000000341
1078,288.0,316.6,7.600000000000023,5.100000000000023,0.5,0.5
1078,288.7,317.0,8.300000000000011,5.5,0.6999999999999886,0.39999999999997726
1078,289.2,317.6,8.800000000000011,6.100000000000023,0.5,0.6000000000000227
1078,289.8,318.1,9.400000000000034,6.600000000000023,0.6000000000000227,0.5
1078,290.5,318.6,10.100000000000023,7.100000000000023,0.6999999999999886,0.5
1078,291.1,319.2,10.700000000000045,7.699999999999989,0.6000000000000227,0.5999999999999659
1078,291.6,319.7,11.200000000000045,8.199999999999989,0.5,0.5
1080,292.7,321.0,0.39999999999997726,0.6000000000000227,0.39999999999997726,0.6000000000000227
1102,293.9,322.1,0.6999999999999886,0.6000000000000227,0.6999999999999886,0.6000000000000227
1102,294.3,322.5,1.1000000000000227,1.0,0.4000000000000341,0.39999999999997726
1102,294.8,323.0,1.6000000000000227,1.5,0.5,0.5
1102,295.4,323.3,2.1999999999999886,1.8000000000000114,0.5999999999999659,0.30000000000001137
1102,295.9,323.6,2.6999999999999886,2.1000000000000227,0.5,0.30000000000001137
1102,296.4,324.0,3.1999999999999886,2.5,0.5,0.39999999999997726
1102,297.1,324.3,3.900000000000034,2.8000000000000114,0.7000000000000455,0.30000000000001137
1102,297.5,324.6,4.300000000000011,3.1000000000000227,0.39999999999997726,0.30000000000001137
1102,298.1,325.0,4.900000000000034,3.5,0.6000000000000227,0.39999999999997726
1102,298.6,325.4,5.400000000000034,3.8999999999999773,0.5,0.39999999999997726
1102,299.1,325.8,5.900000000000034,4.300000000000011,0.5,0.4000000000000341
1102,299.6,326.2,6.400000000000034,4.699999999999989,0.5,0.39999999999997726
1102,300.0,326.6,6.800000000000011,5.100000000000023,0.39999999999997726,0.4000000000000341
1102,300.5,327.1,7.300000000000011,5.600000000000023,0.5,0.5
1102,301.0,327.5,7.800000000000011,6.0,0.5,0.39999999999997726
1102,301.5,328.0,8.300000000000011,6.5,0.5,0.5
1102,302.0,328.5,8.800000000000011,7.0,0.5,0.5
1102,302.5,328.9,9.300000000000011,7.399999999999977,0.5,0.39999999999997726
1102,303.0,329.4,9.800000000000011,7.899999999999977,0.5,0.5
1104,304.2,330.6,0.5999999999999659,0.5,0.5999999999999659,0.5
1130,305.0,331.8,0.39999999999997726,0.6000000000000227,0.39999999999997726,0.6000000000000227
1131,305.4,332.2,0.7999999999999545,1.0,0.39999999999997726,0.39999999999997726
1131,305.6,332.7,1.0,1.5,0.20000000000004547,0.5
1131,305.9,333.1,1.2999999999999545,1.900000000000034,0.2999999999999545,0.4000000000000341
1131,306.2,333.5,1.599999999999966,2.3000000000000114,0.30000000000001137,0.39999999999997726
1131,306.6,333.9,2.0,2.6999999999999886,0.4000000000000341,0.39999999999997726
1131,306.8,334.2,2.1999999999999886,3.0,0.19999999999998863,0.30000000000001137
1131,307.2,334.5,2.599999999999966,3.3000000000000114,0.39999999999997726,0.30000000000001137
1131,307.6,334.9,3.0,3.6999999999999886,0.4000000000000341,0.39999999999997726
1131,307.8,335.2,3.1999999999999886,4.0,0.19999999999998863,0.30000000000001137
1131,308.1,335.6,3.5,4.400000000000034,0.30000000000001137,0.4000000000000341
1131,308.5,336.0,3.8999999999999773,4.800000000000011,0.39999999999997726,0.39999999999997726
1131,308.8,336.4,4.199999999999989,5.199999999999989,0.30000000000001137,0.39999999999997726
1131,309.0,336.8,4.399999999999977,5.600000000000023,0.19999999999998863,0.4000000000000341
1131,309.4,337.2,4.7999999999999545,6.0,0.39999999999997726,0.39999999999997726
1131,309.8,337.6,5.199999999999989,6.400000000000034,0.4000000000000341,0.4000000000000341
1131,310.1,338.0,5.5,6.800000000000011,0.30000000000001137,0.39999999999997726
1131,310.5,338.5,5.899999999999977,7.300000000000011,0.39999999999997726,0.5
1131,310.9,338.9,6.2999999999999545,7.699999999999989,0.39999999999997726,0.39999999999997726
1131,311.3,339.5,6.699999999999989,8.300000000000011,0.4000000000000341,0.6000000000000227
1131,311.6,339.9,7.0,8.699999999999989,0.30000000000001137,0.39999999999997726
1131,312.0,340.4,7.399999999999977,9.199999999999989,0.39999999999997726,0.5
1131,312.5,340.9,7.899999999999977,9.699999999999989,0.5,0.5
1133,313.4,342.2,0.39999999999997726,0.5999999999999659,0.39999999999997726,0.5999999999999659
1158,314.3,343.3,0.5,0.6000000000000227,0.5,0.6000000000000227
1158,314.6,343.7,0.8000000000000114,1.0,0.30000000000001137,0.39999999999997726
1158,315.0,344.1,1.1999999999999886,1.400000000000034,0.39999999999997726,0.4000000000000341
1158,315.4,344.5,1.599999999999966,1.8000000000000114,0.39999999999997726,0.39999999999997726
1158,315.6,344.8,1.8000000000000114,2.1000000000000227,0.20000000000004547,0.30000000000001137
1158,315.9,345.2,2.099999999999966,2.5,0.2999999999999545,0.39999999999997726
1158,316.2,345.5,2.3999999999999773,2.8000000000000114,0.30000000000001137,0.30000000000001137
1158,316.4,345.8,2.599999999999966,3.1000000000000227,0.19999999999998863,0.30000000000001137
1158,316.9,346.2,3.099999999999966,3.5,0.5,0.39999999999997726
1158,317.2,346.5,3.3999999999999773,3.8000000000000114,0.30000000000001137,0.30000000000001137
1158,317.6,346.9,3.8000000000000114,4.199999999999989,0.4000000000000341,0.39999999999997726
1158,317.8,347.3,4.0,4.600000000000023,0.19999999999998863,0.4000000000000341
1158,318.3,347.7,4.5,5.0,0.5,0.39999999999997726
1158,318.8,348.2,5.0,5.5,0.5,0.5
1158,318.9,348.6,5.099999999999966,5.900000000000034,0.0999999999999659,0.4000000000000341
1158,319.4,349.1,5.599999999999966,6.400000000000034,0.5,0.5
1158,319.8,349.5,6.0,6.800000000000011,0.4000000000000341,0.39999999999997726
1158,320.2,350.0,6.399999999999977,7.300000000000011,0.39999999999997726,0.5
1158,320.5,350.5,6.699999999999989,7.800000000000011,0.30000000000001137,0.5
1158,320.9,351.1,7.099999999999966,8.400000000000034,0.39999999999997726,0.6000000000000227
1158,321.3,351.5,7.5,8.800000000000011,0.4000000000000341,0.39999999999997726
1158,321.7,352.0,7.899999999999977,9.300000000000011,0.39999999999997726,0.5
1161,322.7,353.3,0.39999999999997726,0.6000000000000227,0.39999999999997726,0.6000000000000227
1185,323.7,354.3,0.5,0.5,0.5,0.5
1185,324.0,354.7,0.8000000000000114,0.8999999999999773,0.30000000000001137,0.39999999999997726
1185,324.4,355.0,1.1999999999999886,1.1999999999999886,0.39999999999997726,0.30000000000001137
1185,324.7,355.3,1.5,1.5,0.30000000000001137,0.30000000000001137
1185,324.9,355.6,1.6999999999999886,1.8000000000000114,0.19999999999998863,0.30000000000001137
1185,325.3,355.9,2.1000000000000227,2.099999999999966,0.4000000000000341,0.2999999999999545
1185,325.5,356.3,2.3000000000000114,2.5,0.19999999999998863,0.4000000000000341
1185,325.9,356.6,2.6999999999999886,2.8000000000000114,0.39999999999997726,0.30000000000001137
1185,326.2,356.9,3.0,3.099999999999966,0.30000000000001137,0.2999999999999545
1185,326.7,357.4,3.5,3.599999999999966,0.5,0.5
1185,327.1,357.7,3.900000000000034,3.8999999999999773,0.4000000000000341,0.30000000000001137
1185,327.4,358.1,4.199999999999989,4.300000000000011,0.2999999999999545,0.4000000000000341
1185,327.9,358.5,4.699999999999989,4.699999999999989,0.5,0.39999999999997726
1185,328.2,358.9,5.0,5.099999999999966,0.30000000000001137,0.39999999999997726
1185,328.7,359.4,5.5,5.599999999999966,0.5,0.5
1185,329.2,359.8,6.0,6.0,0.5,0.4000000000000341
1185,329.8,0.2,6.600000000000023,6.399999999999989,0.6000000000000227,0.39999999999998864
1185,330.1,0.7,6.900000000000034,6.899999999999989,0.30000000000001137,0.49999999999999994
1185,330.6,1.1,7.400000000000034,7.299999999999989,0.5,0.40000000000000013
1185,331.1,1.5,7.900000000000034,7.699999999999989,0.5,0.3999999999999999
1185,331.6,1.9,8.400000000000034,8.099999999999989,0.5,0.3999999999999999
1187,332.9,3.1,0.5,0.5,0.5,0.5
1212,333.9,4.0,0.39999999999997726,0.3999999999999999,0.39999999999997726,0.3999999999999999
1212,334.5,4.3,1.0,0.6999999999999997,0.6000000000000227,0.2999999999999998
1212,334.8,4.7,1.3000000000000114,1.1,0.30000000000001137,0.40000000000000036
1212,335.1,5.0,1.6000000000000227,1.4,0.30000000000001137,0.2999999999999998
1212,335.4,5.2,1.8999999999999773,1.6,0.2999999999999545,0.20000000000000018
1212,335.7,5.4,2.1999999999999886,1.8000000000000003,0.30000000000001137,0.20000000000000018
1212,335.9,5.8,2.3999999999999773,2.1999999999999997,0.19999999999998863,0.39999999999999947
1212,336.3,6.1,2.8000000000000114,2.4999999999999996,0.4000000000000341,0.2999999999999998
1212,336.6,6.5,3.1000000000000227,2.9,0.30000000000001137,0.40000000000000036
1212,337.0,6.8,3.5,3.1999999999999997,0.39999999999997726,0.2999999999999998
1212,337.4,7.2,3.8999999999999773,3.6,0.39999999999997726,0.40000000000000036
1212,337.6,7.5,4.100000000000023,3.9,0.20000000000004547,0.2999999999999998
1212,338.1,7.9,4.600000000000023,4.300000000000001,0.5,0.40000000000000036
1212,338.4,8.3,4.899999999999977,4.700000000000001,0.2999999999999545,0.40000000000000036
1212,338.8,8.7,5.300000000000011,5.1,0.4000000000000341,0.3999999999999986
1212,339.3,9.1,5.800000000000011,5.5,0.5,0.40000000000000036
1212,339.7,9.6,6.199999999999989,6.0,0.39999999999997726,0.5
1212,340.1,10.0,6.600000000000023,6.4,0.4000000000000341,0.40000000000000036
1213,340.6,10.5,7.100000000000023,6.9,0.5,0.5
1213,340.9,10.8,7.399999999999977,7.200000000000001,0.2999999999999545,0.3000000000000007
1213,341.4,11.3,7.899999999999977,7.700000000000001,0.5,0.5
1213,341.9,11.8,8.399999999999977,8.200000000000001,0.5,0.5
1215,342.9,12.9,0.39999999999997726,0.5,0.39999999999997726,0.5
1240,343.8,13.9,0.4000000000000341,0.5999999999999996,0.4000000000000341,0.5999999999999996
1240,344.1,14.4,0.7000000000000455,1.0999999999999996,0.30000000000001137,0.5
1240,344.5,14.9,1.1000000000000227,1.5999999999999996,0.39999999999997726,0.5
1240,344.7,15.4,1.3000000000000114,2.0999999999999996,0.19999999999998863,0.5
1240,344.9,15.8,1.5,2.5,0.19999999999998863,0.40000000000000036
1240,345.3,16.2,1.900000000000034,2.8999999999999986,0.4000000000000341,0.3999999999999986
1240,345.6,16.7,2.2000000000000455,3.3999999999999986,0.30000000000001137,0.5
1240,345.9,17.2,2.5,3.8999999999999986,0.2999999999999545,0.5
1240,346.1,17.8,2.7000000000000455,4.5,0.20000000000004547,0.6000000000000014
1240,346.6,18.3,3.2000000000000455,5.0,0.5,0.5
1240,346.8,18.7,3.400000000000034,5.399999999999999,0.19999999999998863,0.3999999999999986
1240,347.2,19.1,3.8000000000000114,5.800000000000001,0.39999999999997726,0.40000000000000213
1240,347.6,19.6,4.2000000000000455,6.300000000000001,0.4000000000000341,0.5
1240,348.0,20.2,4.600000000000023,6.899999999999999,0.39999999999997726,0.5999999999999979
1240,348.4,20.7,5.0,7.399999999999999,0.39999999999997726,0.5
1240,348.7,21.2,5.300000000000011,7.899999999999999,0.30000000000001137,0.5
1240,349.2,21.8,5.800000000000011,8.5,0.5,0.6000000000000014
1240,349.7,22.2,6.300000000000011,8.899999999999999,0.5,0.3999999999999986
1240,350.0,22.8,6.600000000000023,9.5,0.30000000000001137,0.6000000000000014
1240,350.6,23.3,7.2000000000000455,10.0,0.6000000000000227,0.5
1240,350.9,23.9,7.5,10.599999999999998,0.2999999999999545,0.5999999999999979
1240,351.4,24.5,8.0,11.2,0.5,0.6000000000000014
